citing_paper_id,cited_paper_id
2401.04381v1,1911.11405v1
2501.13404v1,1210.7708v1
1602.00450v1,1612.01842v2
2309.13541v2,2401.11741v1
2407.08211v1,2410.21084v1
1911.11405v1,1210.7708v1
1612.01842v2,2309.13541v2
2401.11741v1,2407.08211v1
2410.21084v1,2501.13404v1
1210.7708v1,1602.00450v1
